Pressure	Approx Safe RPM
31	1986.761388
30	2071.143621
29	2112.678268
28	2134.669345
27	2238.834178
26	2332.382383
25	2368.76242
24	2400.649167
23	2480.372388
22	2568.226908
21	2642.780703
20	2731.287934
19	2865.392282
18	2897.550344
17	2896.440586
16	2907.132621
15	2970.293411
14	3130.871311
13	3204.056317
12	3285.623599
11	3365.158955
